cardno,member_name,member_address,member_phone,fees,age
1001,Kesavan,Madurai,7010951116,500,29
1002,Anand,Trichy,9944756142,250,27
1003,Ranjani,Chennai,9042956898,300,26
1004,Priya,Salem,9629784512,100,21
1005,Sankar,Chennai,9566202651,1000,36
1006,Deepak,Nagercoil,9994512365,150,34
1007,Padma,Tirunelveli,9994478524,700,33
1008,Santhiya,Virudhunagar,9994130728,450,28
1009,Siva,Madurai,9028565471,550,25
1010,Dhanalakshmi,Theni,9445123657,850,24
1011,Bavani,Tanjore,9994562147,120,27
1012,Suresh,Kanniyakumari,9566123525,750,32
1013,Shabana,Chennai,8220204562,200,38
1014,Ramesh,Villupuram,6845212364,250,31
1015,Kaveri,Thiruvallur,7200456658,350,30
1016,Naveen,Ariyalur,9894561232,200,25
1017,Pandiyan,Perambalur,7895463224,1200,26
1018,Muthupandi,Madurai,9045621365,600,30
1019,Venkatesh,Virudhunagar,9941256874,550,31
1020,Suganthi,Dindigul,9994478921,100,29
1021,Suruthi,Chennai,9856213654,250,27
1022,Jenifer,Chennai,8956321475,500,24
1023,Ayyanar,Madurai,6845621356,750,35
1024,Vijaya,Thirumangalam,7200315694,800,27
1025,Arun,Madurai,9988445512,900,38
1026,Ravi,Kovilpatti,8877445163,1100,45
1027,Pandiyaraj,Tanjore,9896979495,1200,42
1028,Vani,Madurai,9951236584,100,20
1029,Dharshini,Madurai,9626364656,300,19
1030,Bharathi,Trichy,8545621557,450,23
1031,Ananthi,Sattur,7412563958,650,23
1032,Subashini,Dindigul,9978412536,800,18
1033,Thirupathiraj,Kallupatti,9562136548,350,52
1034,Seenivasan,Melur,9874125638,400,65
1035,Serma,Madurai,9626513254,750,49
1036,Renuga,Salem,6852362147,800,36
1037,Chitra,Virudhunagar,9741258963,900,34
1038,Suriya,Thiruvallur,9845651236,1000,33
1039,Nithya,Tiruppur,9656462136,1250,23
1040,Kanimozhi,Thiruvannamalai,6545871236,1000,25
1041,Sakthivel,Coimbatore,9955412563,900,30
1042,Balamurugan,Dharmapuri,8844551172,800,47
1043,Reshma,Hosur,7744125639,700,32
1044,Rehana,Krishnagiri,6655441122,600,36
1045,Rizwan,Trichy,9895412365,650,23
1046,Sohail,Trichy,7945123658,850,24
1047,Aarif,Theni,7014562389,150,22
1048,Vishalini,Virudhunagar,9845123654,200,20
1049,Keerthana,Theni,8945621326,350,27
1050,sathya,Kumbakonam,8512367895,400,26
1051,Sathish,Chennai,8844123265,200,45
1052,Hari,Madurai,6814789852,250,60
1053,Palani,Thirumangalam,6741236541,300,22
1054,Gayathri,Madurai,7743512465,400,25
1055,Mithun,Kovilpatti,9944123214,750,24
1056,Revathi,Thiruvallur,7984125236,650,23
1057,Sipporah,Tiruppur,8899445511,450,26
1058,Anusiya,Thiruvannamalai,8797574127,500,27
1059,Maheer,Coimbatore,8654123214,550,32
1060,Lokith,Dharmapuri,9894951235,600,44
1061,Mercy,Hosur,9500421254,900,42
1062,Navaneethan,Krishnagiri,9629412578,1500,28
1063,Dhasarathan,Madurai,9632124578,1700,26
1064,Hema,Trichy,9894625312,650,32
1065,Mithran,Chennai,9600078412,450,40
1066,Meena,Salem,9652123214,300,30
1067,Mahesh,Chennai,7741253699,250,20
1068,Suganya,Nagercoil,9878412563,350,28
1069,Saranya,Tirunelveli,6699456512,950,25
1070,Nathiya,Virudhunagar,7845659896,850,26
